"Status","Start Time","Stop Time","Duration in ms","Parent Suite","Suite","Sub Suite","Test Class","Test Method","Name","Description"
"passed","Sun Oct 04 07:06:58 UTC 2026","Sun Oct 04 07:06:58 UTC 2026","0","tests","test_egn","TestEgnGeneration","","","1900s birth dates encode month as 1-12",""
"passed","Sun Oct 04 07:06:58 UTC 2026","Sun Oct 04 07:06:58 UTC 2026","4","tests","test_cli","TestCli","","","CLI 'company' command outputs company dict",""
"passed","Sun Oct 04 07:06:58 UTC 2026","Sun Oct 04 07:06:58 UTC 2026","1","tests","test_export","TestExport","","","to_dict returns the same data unchanged",""
"passed","Sun Oct 04 07:06:58 UTC 2026","Sun Oct 04 07:06:58 UTC 2026","0","tests","test_person","TestPersonGeneration","","","Negative min_age raises ValueError",""
"passed","Sun Oct 04 07:06:58 UTC 2026","Sun Oct 04 07:06:58 UTC 2026","0","tests","test_person","TestPersonGeneration","","","Person has a valid email format",""
"passed","Sun Oct 04 07:06:58 UTC 2026","Sun Oct 04 07:06:58 UTC 2026","1","tests","test_export","TestExport","","","to_csv with multiple records has correct row count",""
"passed","Sun Oct 04 07:06:58 UTC 2026","Sun Oct 04 07:06:58 UTC 2026","8","tests","test_eik","TestEikGeneration","","","100 generated 13-digit EIKs all pass validation",""
"passed","Sun Oct 04 07:06:58 UTC 2026","Sun Oct 04 07:06:58 UTC 2026","4","tests","test_person","TestPersonGeneration","","","Person EGN gender matches the name gender",""
"passed","Sun Oct 04 07:06:58 UTC 2026","Sun Oct 04 07:06:58 UTC 2026","4","tests","test_cli","TestCli","","","CLI --format csv for string type",""
"passed","Sun Oct 04 07:06:58 UTC 2026","Sun Oct 04 07:06:58 UTC 2026","2","tests","test_egn","TestEgnGeneration","","","Male EGN has even 9th digit",""
"passed","Sun Oct 04 07:06:58 UTC 2026","Sun Oct 04 07:06:58 UTC 2026","0","tests","test_random","TestSeededRandom","","","randint returns values within the specified range",""
"passed","Sun Oct 04 07:06:58 UTC 2026","Sun Oct 04 07:06:58 UTC 2026","1","tests","test_eik","TestEikGeneration","","","13-digit EIK has exactly 13 characters",""
"passed","Sun Oct 04 07:06:58 UTC 2026","Sun Oct 04 07:06:58 UTC 2026","0","tests","test_random","TestSeededRandom","","","seed property is None when no seed provided",""
"passed","Sun Oct 04 07:06:58 UTC 2026","Sun Oct 04 07:06:58 UTC 2026","0","tests","test_eik","TestEikGeneration","","","Invalid EIK strings fail validation",""
"passed","Sun Oct 04 07:06:58 UTC 2026","Sun Oct 04 07:06:58 UTC 2026","6","tests","test_company","TestCompanyGeneration","","","Company has a valid IBAN",""
"passed","Sun Oct 04 07:06:58 UTC 2026","Sun Oct 04 07:06:58 UTC 2026","4","tests","test_cli","TestCli","","","CLI --count flag generates the requested number of records",""
"passed","Sun Oct 04 07:06:58 UTC 2026","Sun Oct 04 07:06:58 UTC 2026","0","tests","test_export","TestExport","","","to_json produces valid JSON",""
"passed","Sun Oct 04 07:06:58 UTC 2026","Sun Oct 04 07:06:58 UTC 2026","0","tests","test_address","TestOblastCodes","","","Unknown oblast code raises ValueError",""
"passed","Sun Oct 04 07:06:58 UTC 2026","Sun Oct 04 07:06:58 UTC 2026","0","tests","test_egn","TestEgnValidation","","","Manually constructed EGNs with hand-calculated checksums pass validation","Verify against hand-calculated EGNs (independent of generator)."
"passed","Sun Oct 04 07:06:58 UTC 2026","Sun Oct 04 07:06:58 UTC 2026","0","tests","test_egn","TestEgnGeneration","","","1900s birth dates encode month as 1-12",""
"passed","Sun Oct 04 07:06:58 UTC 2026","Sun Oct 04 07:06:58 UTC 2026","5","tests","test_cli","TestCli","","","CLI 'person' command outputs valid JSON",""
"passed","Sun Oct 04 07:06:58 UTC 2026","Sun Oct 04 07:06:58 UTC 2026","0","tests","test_egn","TestEgnGeneration","","","2000s birth dates encode month as 41-52",""
"passed","Sun Oct 04 07:06:58 UTC 2026","Sun Oct 04 07:06:58 UTC 2026","4","tests","test_cli","TestCli","","","CLI 'iban' command outputs valid IBAN",""
"passed","Sun Oct 04 07:06:58 UTC 2026","Sun Oct 04 07:06:58 UTC 2026","0","tests","test_iban","TestIbanGeneration","","","Invalid IBAN strings fail validation",""
"passed","Sun Oct 04 07:06:58 UTC 2026","Sun Oct 04 07:06:58 UTC 2026","1","tests","test_eik","TestEikGeneration","","","9-digit EIK has exactly 9 characters",""
"passed","Sun Oct 04 07:06:58 UTC 2026","Sun Oct 04 07:06:58 UTC 2026","0","tests","test_address","TestOblastCodes","","","Unknown oblast code raises ValueError",""
"passed","Sun Oct 04 07:06:58 UTC 2026","Sun Oct 04 07:06:58 UTC 2026","1","tests","test_address","TestOblastCodes","","","oblast and oblast_code together raise ValueError",""
"passed","Sun Oct 04 07:06:58 UTC 2026","Sun Oct 04 07:06:58 UTC 2026","4","tests","test_cli","TestCli","","","CLI --count flag generates the requested number of records",""
"passed","Sun Oct 04 07:06:58 UTC 2026","Sun Oct 04 07:06:58 UTC 2026","4","tests","test_cli","TestCli","","","CLI 'egn' with --gender female",""
"passed","Sun Oct 04 07:06:58 UTC 2026","Sun Oct 04 07:06:58 UTC 2026","1","tests","test_egn","TestEgnValidation","","","EGN with tampered checksum fails validation",""
"passed","Sun Oct 04 07:06:58 UTC 2026","Sun Oct 04 07:06:58 UTC 2026","1","tests","test_iban","TestIbanGeneration","","","Invalid bank_code raises ValueError",""
"passed","Sun Oct 04 07:06:58 UTC 2026","Sun Oct 04 07:06:58 UTC 2026","0","tests","test_person","TestPersonGeneration","","","Person address is a dict with required fields",""
"passed","Sun Oct 04 07:06:58 UTC 2026","Sun Oct 04 07:06:58 UTC 2026","4","tests","test_cli","TestCli","","","CLI 'eik' command outputs valid EIK",""
"passed","Sun Oct 04 07:06:58 UTC 2026","Sun Oct 04 07:06:58 UTC 2026","1","tests","test_names","TestNameGeneration","","","Male name has masculine last name ending (-ов, -ев, -ски)",""
"passed","Sun Oct 04 07:06:58 UTC 2026","Sun Oct 04 07:06:58 UTC 2026","0","tests","test_egn","TestEgnGeneration","","","1900s birth dates encode month as 1-12",""
"passed","Sun Oct 04 07:06:58 UTC 2026","Sun Oct 04 07:06:58 UTC 2026","0","tests","test_person","TestPersonGeneration","","","Generated person contains all required fields",""
"passed","Sun Oct 04 07:06:58 UTC 2026","Sun Oct 04 07:06:58 UTC 2026","0","tests","test_providers","TestBgTestDataFacade","","","Same seed produces identical output from the facade",""
"passed","Sun Oct 04 07:06:58 UTC 2026","Sun Oct 04 07:06:58 UTC 2026","0","tests","test_egn","TestEgnGeneration","","","2000s birth dates encode month as 41-52",""
"passed","Sun Oct 04 07:06:58 UTC 2026","Sun Oct 04 07:06:58 UTC 2026","4","tests","test_cli","TestCli","","","CLI --count with string type (egn)",""
"passed","Sun Oct 04 07:06:58 UTC 2026","Sun Oct 04 07:06:58 UTC 2026","0","tests","test_iban","TestIbanGeneration","","","Invalid bank_code raises ValueError",""
"passed","Sun Oct 04 07:06:58 UTC 2026","Sun Oct 04 07:06:58 UTC 2026","0","tests","test_person","TestPersonGeneration","","","min_age > max_age raises ValueError",""
"passed","Sun Oct 04 07:06:58 UTC 2026","Sun Oct 04 07:06:58 UTC 2026","5","tests","test_company","TestCompanyGeneration","","","Company name contains a legal form",""
"passed","Sun Oct 04 07:06:58 UTC 2026","Sun Oct 04 07:06:58 UTC 2026","6","tests","test_cli","TestCli","","","CLI with no command shows help and exits",""
"passed","Sun Oct 04 07:06:58 UTC 2026","Sun Oct 04 07:06:58 UTC 2026","0","tests","test_egn","TestEgnGeneration","","","2000s birth dates encode month as 41-52",""
"passed","Sun Oct 04 07:06:58 UTC 2026","Sun Oct 04 07:06:58 UTC 2026","0","tests","test_address","TestAddressGeneration","","","Generated address contains all required fields",""
"passed","Sun Oct 04 07:06:58 UTC 2026","Sun Oct 04 07:06:58 UTC 2026","0","tests","test_egn","TestEgnGeneration","","","EGN is exactly 10 characters long",""
"passed","Sun Oct 04 07:06:58 UTC 2026","Sun Oct 04 07:06:58 UTC 2026","0","tests","test_export","TestExport","","","to_csv includes header row with field names",""
"passed","Sun Oct 04 07:06:58 UTC 2026","Sun Oct 04 07:06:58 UTC 2026","1","tests","test_egn","TestEgnGeneration","","","2000s birth dates encode month as 41-52",""
"passed","Sun Oct 04 07:06:58 UTC 2026","Sun Oct 04 07:06:58 UTC 2026","0","tests","test_egn","TestEgnGeneration","","","1900s birth dates encode month as 1-12",""
"passed","Sun Oct 04 07:06:58 UTC 2026","Sun Oct 04 07:06:58 UTC 2026","0","tests","test_egn","TestEgnGeneration","","","EGN with specific birth date round-trips through parse_egn",""
"passed","Sun Oct 04 07:06:58 UTC 2026","Sun Oct 04 07:06:58 UTC 2026","5","tests","test_egn","TestEgnGeneration","","","100 generated EGNs all have valid checksums",""
"passed","Sun Oct 04 07:06:58 UTC 2026","Sun Oct 04 07:06:58 UTC 2026","1","tests","test_address","TestOblastCodes","","","All 28 oblasts have unique codes BG-01 to BG-28",""
"passed","Sun Oct 04 07:06:58 UTC 2026","Sun Oct 04 07:06:58 UTC 2026","0","tests","test_names","TestNameGeneration","","","Name without gender specified still returns valid gender",""
"passed","Sun Oct 04 07:06:58 UTC 2026","Sun Oct 04 07:06:58 UTC 2026","1","tests","test_address","TestAddressGeneration","","","Full address string contains the city name",""
"passed","Sun Oct 04 07:06:58 UTC 2026","Sun Oct 04 07:06:58 UTC 2026","0","tests","test_iban","TestIbanGeneration","","","Invalid IBAN strings fail validation",""
"passed","Sun Oct 04 07:06:58 UTC 2026","Sun Oct 04 07:06:58 UTC 2026","4","tests","test_cli","TestCli","","","CLI 'name' command outputs name dict",""
"passed","Sun Oct 04 07:06:58 UTC 2026","Sun Oct 04 07:06:58 UTC 2026","3","tests","test_egn","TestEgnParser","","","parse_egn round-trips with generated EGN",""
"passed","Sun Oct 04 07:06:58 UTC 2026","Sun Oct 04 07:06:58 UTC 2026","7","tests","test_cli","TestCli","","","CLI with same seed produces identical output",""
"passed","Sun Oct 04 07:06:58 UTC 2026","Sun Oct 04 07:06:58 UTC 2026","6","tests","test_company","TestCompanyGeneration","","","Company has a valid EIK",""
"passed","Sun Oct 04 07:06:58 UTC 2026","Sun Oct 04 07:06:58 UTC 2026","1","tests","test_phone","TestPhoneGeneration","","","Mobile number matches +359 8[789]X XXX XXXX pattern",""
"passed","Sun Oct 04 07:06:58 UTC 2026","Sun Oct 04 07:06:58 UTC 2026","1","tests","test_names","TestNameGeneration","","","Full name consists of exactly three parts",""
"passed","Sun Oct 04 07:06:58 UTC 2026","Sun Oct 04 07:06:58 UTC 2026","0","tests","test_egn","TestEgnValidation","","","EGN with non-digit characters fails validation",""
"passed","Sun Oct 04 07:06:58 UTC 2026","Sun Oct 04 07:06:58 UTC 2026","0","tests","test_eik","TestEikGeneration","","","Invalid EIK strings fail validation",""
"passed","Sun Oct 04 07:06:58 UTC 2026","Sun Oct 04 07:06:58 UTC 2026","3","tests","test_cli","TestCli","","","CLI 'eik' with --length 13",""
"passed","Sun Oct 04 07:06:58 UTC 2026","Sun Oct 04 07:06:58 UTC 2026","4","tests","test_person","TestPersonGeneration","","","Person EGN gender matches the name gender",""
"passed","Sun Oct 04 07:06:58 UTC 2026","Sun Oct 04 07:06:58 UTC 2026","0","tests","test_iban","TestIbanGeneration","","","IBAN generated with a specific bank code contains that code",""
"passed","Sun Oct 04 07:06:58 UTC 2026","Sun Oct 04 07:06:58 UTC 2026","1","tests","test_egn","TestEgnGeneration","","","1900s birth dates encode month as 1-12",""
"passed","Sun Oct 04 07:06:58 UTC 2026","Sun Oct 04 07:06:58 UTC 2026","1","tests","test_eik","TestEikGeneration","","","Generated EIK contains only digit characters",""
"passed","Sun Oct 04 07:06:58 UTC 2026","Sun Oct 04 07:06:58 UTC 2026","0","tests","test_iban","TestIbanGeneration","","","Invalid bank_code raises ValueError",""
"passed","Sun Oct 04 07:06:58 UTC 2026","Sun Oct 04 07:06:58 UTC 2026","0","tests","test_eik","TestEikGeneration","","","Invalid EIK strings fail validation",""
"passed","Sun Oct 04 07:06:58 UTC 2026","Sun Oct 04 07:06:58 UTC 2026","1","tests","test_random","TestSeededRandom","","","randint returns values within the specified range",""
"passed","Sun Oct 04 07:06:58 UTC 2026","Sun Oct 04 07:06:58 UTC 2026","0","tests","test_egn","TestEgnGeneration","","","1900s birth dates encode month as 1-12",""
"passed","Sun Oct 04 07:06:58 UTC 2026","Sun Oct 04 07:06:58 UTC 2026","0","tests","test_egn","TestEgnValidation","","","Known valid EGN passes validation",""
"passed","Sun Oct 04 07:06:58 UTC 2026","Sun Oct 04 07:06:58 UTC 2026","0","tests","test_egn","TestEgnValidation","","","Manually constructed EGNs with hand-calculated checksums pass validation","Verify against hand-calculated EGNs (independent of generator)."
"passed","Sun Oct 04 07:06:58 UTC 2026","Sun Oct 04 07:06:58 UTC 2026","0","tests","test_egn","TestEgnParser","","","parse_egn raises ValueError for invalid input",""
"passed","Sun Oct 04 07:06:58 UTC 2026","Sun Oct 04 07:06:58 UTC 2026","4","tests","test_cli","TestCli","","","CLI 'phone' with --type mobile",""
"passed","Sun Oct 04 07:06:58 UTC 2026","Sun Oct 04 07:06:58 UTC 2026","0","tests","test_iban","TestIbanGeneration","","","Generated IBAN starts with 'BG'",""
"passed","Sun Oct 04 07:06:58 UTC 2026","Sun Oct 04 07:06:58 UTC 2026","3","tests","test_cli","TestCli","","","CLI 'name' with --gender male",""
"passed","Sun Oct 04 07:06:58 UTC 2026","Sun Oct 04 07:06:58 UTC 2026","1","tests","test_company","TestCompanyGeneration","","","Company has a valid address with required fields",""
"passed","Sun Oct 04 07:06:58 UTC 2026","Sun Oct 04 07:06:58 UTC 2026","1","tests","test_company","TestCompanyGeneration","","","Company VAT number is BG + EIK",""
"passed","Sun Oct 04 07:06:58 UTC 2026","Sun Oct 04 07:06:58 UTC 2026","0","tests","test_names","TestNameGeneration","","","Generated name contains all required fields",""
"passed","Sun Oct 04 07:06:58 UTC 2026","Sun Oct 04 07:06:58 UTC 2026","0","tests","test_egn","TestEgnGeneration","","","2000s birth dates encode month as 41-52",""
"passed","Sun Oct 04 07:06:58 UTC 2026","Sun Oct 04 07:06:58 UTC 2026","4","tests","test_cli","TestCli","","","CLI --format csv for person",""
"passed","Sun Oct 04 07:06:58 UTC 2026","Sun Oct 04 07:06:58 UTC 2026","0","tests","test_egn","TestEgnGeneration","","","1900s birth dates encode month as 1-12",""
"passed","Sun Oct 04 07:06:58 UTC 2026","Sun Oct 04 07:06:58 UTC 2026","0","tests","test_egn","TestEgnValidation","","","EGN with non-digit characters fails validation",""
"passed","Sun Oct 04 07:06:58 UTC 2026","Sun Oct 04 07:06:58 UTC 2026","4","tests","test_person","TestPersonGeneration","","","Person has a valid EGN",""
"passed","Sun Oct 04 07:06:58 UTC 2026","Sun Oct 04 07:06:58 UTC 2026","0","tests","test_random","TestSeededRandom","","","No seed produces varying output across instances",""
"passed","Sun Oct 04 07:06:58 UTC 2026","Sun Oct 04 07:06:58 UTC 2026","5","tests","test_cli","TestCli","","","CLI --count flag generates the requested number of records",""
"passed","Sun Oct 04 07:06:58 UTC 2026","Sun Oct 04 07:06:58 UTC 2026","4","tests","test_cli","TestCli","","","CLI 'egn' command outputs valid EGN",""
"passed","Sun Oct 04 07:06:58 UTC 2026","Sun Oct 04 07:06:58 UTC 2026","1","tests","test_egn","TestEgnGeneration","","","EGN with specific birth date round-trips through parse_egn",""
"passed","Sun Oct 04 07:06:58 UTC 2026","Sun Oct 04 07:06:58 UTC 2026","1","tests","test_eik","TestEikGeneration","","","Invalid EIK strings fail validation",""
"passed","Sun Oct 04 07:06:58 UTC 2026","Sun Oct 04 07:06:58 UTC 2026","1","tests","test_egn","TestEgnGeneration","","","1900s birth dates encode month as 1-12",""
"passed","Sun Oct 04 07:06:58 UTC 2026","Sun Oct 04 07:06:58 UTC 2026","0","tests","test_egn","TestEgnGeneration","","","EGN with specific birth date round-trips through parse_egn",""
"passed","Sun Oct 04 07:06:58 UTC 2026","Sun Oct 04 07:06:58 UTC 2026","4","tests","test_person","TestPersonGeneration","","","Person birth_date matches the date encoded in the EGN",""
"passed","Sun Oct 04 07:06:58 UTC 2026","Sun Oct 04 07:06:58 UTC 2026","3","tests","test_cli","TestCli","","","CLI 'address --oblast-code' filters by oblast",""
"passed","Sun Oct 04 07:06:58 UTC 2026","Sun Oct 04 07:06:58 UTC 2026","0","tests","test_address","TestAddressGeneration","","","Specifying city returns address in that city",""
"passed","Sun Oct 04 07:06:58 UTC 2026","Sun Oct 04 07:06:58 UTC 2026","3","tests","test_person","TestPersonGeneration","","","Person age is within the requested range",""
"passed","Sun Oct 04 07:06:58 UTC 2026","Sun Oct 04 07:06:58 UTC 2026","0","tests","test_phone","TestPhoneGeneration","","","Local format phone starts with 0 instead of +359",""
"passed","Sun Oct 04 07:06:58 UTC 2026","Sun Oct 04 07:06:58 UTC 2026","0","tests","test_egn","TestEgnGeneration","","","2000s birth dates encode month as 41-52",""
"passed","Sun Oct 04 07:06:58 UTC 2026","Sun Oct 04 07:06:58 UTC 2026","0","tests","test_address","TestAddressGeneration","","","Specifying city returns address in that city",""
"passed","Sun Oct 04 07:06:58 UTC 2026","Sun Oct 04 07:06:58 UTC 2026","1","tests","test_company","TestCompanyGeneration","","","Company EIK length matches eik_length parameter",""
"passed","Sun Oct 04 07:06:58 UTC 2026","Sun Oct 04 07:06:58 UTC 2026","2","tests","test_phone","TestPhoneGeneration","","","Landline number starts with +359 and has area code and subscriber digits",""
"passed","Sun Oct 04 07:06:58 UTC 2026","Sun Oct 04 07:06:58 UTC 2026","0","tests","test_iban","TestIbanGeneration","","","Formatted IBAN with spaces passes validation",""
"passed","Sun Oct 04 07:06:58 UTC 2026","Sun Oct 04 07:06:58 UTC 2026","0","tests","test_iban","TestIbanGeneration","","","Invalid IBAN strings fail validation",""
"passed","Sun Oct 04 07:06:58 UTC 2026","Sun Oct 04 07:06:58 UTC 2026","1","tests","test_address","TestOblastCodes","","","Facade exposes the oblast list",""
"passed","Sun Oct 04 07:06:58 UTC 2026","Sun Oct 04 07:06:58 UTC 2026","0","tests","test_address","TestOblastCodes","","","Unknown oblast code raises ValueError",""
"passed","Sun Oct 04 07:06:58 UTC 2026","Sun Oct 04 07:06:58 UTC 2026","0","tests","test_eik","TestEikGeneration","","","Generated EIK contains only digit characters",""
"passed","Sun Oct 04 07:06:58 UTC 2026","Sun Oct 04 07:06:58 UTC 2026","0","tests","test_egn","TestEgnGeneration","","","1900s birth dates encode month as 1-12",""
"passed","Sun Oct 04 07:06:58 UTC 2026","Sun Oct 04 07:06:58 UTC 2026","3","tests","test_cli","TestCli","","","CLI 'phone' command outputs phone number",""
"passed","Sun Oct 04 07:06:58 UTC 2026","Sun Oct 04 07:06:58 UTC 2026","0","tests","test_address","TestAddressGeneration","","","Specifying city returns address in that city",""
"passed","Sun Oct 04 07:06:58 UTC 2026","Sun Oct 04 07:06:58 UTC 2026","0","tests","test_random","TestSeededRandom","","","seed property returns the seed used at construction",""
"passed","Sun Oct 04 07:06:58 UTC 2026","Sun Oct 04 07:06:58 UTC 2026","4","tests","test_cli","TestCli","","","CLI --format csv with --count for dict type",""
"passed","Sun Oct 04 07:06:58 UTC 2026","Sun Oct 04 07:06:58 UTC 2026","0","tests","test_egn","TestEgnGeneration","","","2000s birth dates encode month as 41-52",""
"passed","Sun Oct 04 07:06:58 UTC 2026","Sun Oct 04 07:06:58 UTC 2026","0","tests","test_egn","TestEgnParser","","","parse_egn raises ValueError for invalid input",""
"passed","Sun Oct 04 07:06:58 UTC 2026","Sun Oct 04 07:06:58 UTC 2026","0","tests","test_egn","TestEgnParser","","","parse_egn raises ValueError for invalid input",""
"passed","Sun Oct 04 07:06:58 UTC 2026","Sun Oct 04 07:06:58 UTC 2026","0","tests","test_egn","TestEgnGeneration","","","1900s birth dates encode month as 1-12",""
"passed","Sun Oct 04 07:06:58 UTC 2026","Sun Oct 04 07:06:58 UTC 2026","0","tests","test_random","TestSeededRandom","","","randint returns values within the specified range",""
"passed","Sun Oct 04 07:06:58 UTC 2026","Sun Oct 04 07:06:58 UTC 2026","1","tests","test_iban","TestIbanGeneration","","","Invalid IBAN strings fail validation",""
"passed","Sun Oct 04 07:06:58 UTC 2026","Sun Oct 04 07:06:58 UTC 2026","0","tests","test_egn","TestEgnGeneration","","","2000s birth dates encode month as 41-52",""
"passed","Sun Oct 04 07:06:58 UTC 2026","Sun Oct 04 07:06:58 UTC 2026","0","tests","test_export","TestExport","","","to_json preserves Cyrillic characters by default",""
"passed","Sun Oct 04 07:06:58 UTC 2026","Sun Oct 04 07:06:58 UTC 2026","0","tests","test_egn","TestEgnParser","","","generate_egn raises ValueError for unsupported year",""
"passed","Sun Oct 04 07:06:58 UTC 2026","Sun Oct 04 07:06:58 UTC 2026","1","tests","test_names","TestNameGeneration","","","Female name has feminine last name ending (-ова, -ева, -ска)",""
"passed","Sun Oct 04 07:06:58 UTC 2026","Sun Oct 04 07:06:58 UTC 2026","4","tests","test_cli","TestCli","","","CLI 'company' with --eik-length 13",""
"passed","Sun Oct 04 07:06:58 UTC 2026","Sun Oct 04 07:06:58 UTC 2026","0","tests","test_egn","TestEgnGeneration","","","EGN contains only digit characters",""
"passed","Sun Oct 04 07:06:58 UTC 2026","Sun Oct 04 07:06:58 UTC 2026","0","tests","test_company","TestCompanyGeneration","","","Company manager is a valid person with valid EGN",""
"passed","Sun Oct 04 07:06:58 UTC 2026","Sun Oct 04 07:06:58 UTC 2026","1","tests","test_export","TestExport","","","to_dict passes through list unchanged",""
"passed","Sun Oct 04 07:06:58 UTC 2026","Sun Oct 04 07:06:58 UTC 2026","1","tests","test_person","TestPersonGeneration","","","Factory fixture produces valid persons",""
"passed","Sun Oct 04 07:06:58 UTC 2026","Sun Oct 04 07:06:58 UTC 2026","0","tests","test_egn","TestEgnValidation","","","EGN with non-digit characters fails validation",""
"passed","Sun Oct 04 07:06:58 UTC 2026","Sun Oct 04 07:06:58 UTC 2026","1","tests","test_export","TestExport","","","to_json serializes list of dicts",""
"passed","Sun Oct 04 07:06:58 UTC 2026","Sun Oct 04 07:06:58 UTC 2026","0","tests","test_eik","TestEikGeneration","","","Invalid EIK strings fail validation",""
"passed","Sun Oct 04 07:06:58 UTC 2026","Sun Oct 04 07:06:58 UTC 2026","0","tests","test_address","TestOblastCodes","","","Unknown oblast code raises ValueError",""
"passed","Sun Oct 04 07:06:58 UTC 2026","Sun Oct 04 07:06:58 UTC 2026","0","tests","test_egn","TestEgnValidation","","","EGN with wrong length fails validation",""
"passed","Sun Oct 04 07:06:58 UTC 2026","Sun Oct 04 07:06:58 UTC 2026","0","tests","test_egn","TestEgnGeneration","","","2000s birth dates encode month as 41-52",""
"passed","Sun Oct 04 07:06:58 UTC 2026","Sun Oct 04 07:06:58 UTC 2026","0","tests","test_providers","TestBgTestDataFacade","","","Static validate_eik works correctly",""
"passed","Sun Oct 04 07:06:58 UTC 2026","Sun Oct 04 07:06:58 UTC 2026","0","tests","test_egn","TestEgnGeneration","","","2000s birth dates encode month as 41-52",""
"passed","Sun Oct 04 07:06:58 UTC 2026","Sun Oct 04 07:06:58 UTC 2026","1","tests","test_address","TestOblastCodes","","","Every city belongs to an oblast that has a code",""
"passed","Sun Oct 04 07:06:58 UTC 2026","Sun Oct 04 07:06:58 UTC 2026","1","tests","test_providers","TestBgTestDataFacade","","","persons() returns the requested number of records",""
"passed","Sun Oct 04 07:06:58 UTC 2026","Sun Oct 04 07:06:58 UTC 2026","1","tests","test_export","TestExport","","","to_csv_file writes valid CSV to disk",""
"passed","Sun Oct 04 07:06:58 UTC 2026","Sun Oct 04 07:06:58 UTC 2026","0","tests","test_random","TestSeededRandom","","","choice returns an element from the provided list",""
"passed","Sun Oct 04 07:06:58 UTC 2026","Sun Oct 04 07:06:58 UTC 2026","1","tests","test_address","TestOblastCodes","","","Generated address code matches its oblast",""
"passed","Sun Oct 04 07:06:58 UTC 2026","Sun Oct 04 07:06:58 UTC 2026","0","tests","test_address","TestAddressGeneration","","","Unknown city raises ValueError",""
"passed","Sun Oct 04 07:06:58 UTC 2026","Sun Oct 04 07:06:58 UTC 2026","4","tests","test_cli","TestCli","","","CLI 'address' command outputs address dict",""
"passed","Sun Oct 04 07:06:58 UTC 2026","Sun Oct 04 07:06:58 UTC 2026","0","tests","test_iban","TestIbanGeneration","","","IBAN generated with a specific bank code contains that code",""
"passed","Sun Oct 04 07:06:58 UTC 2026","Sun Oct 04 07:06:58 UTC 2026","0","tests","test_egn","TestEgnValidation","","","EGN with wrong length fails validation",""
"passed","Sun Oct 04 07:06:58 UTC 2026","Sun Oct 04 07:06:58 UTC 2026","0","tests","test_iban","TestIbanGeneration","","","Manually constructed EIK-9 with hand-calculated checksum passes validation","EIK 123456786: weights [1,2,3,4,5,6,7,8] on 12345678, sum=204, mod11=6."
"passed","Sun Oct 04 07:06:58 UTC 2026","Sun Oct 04 07:06:58 UTC 2026","0","tests","test_iban","TestIbanGeneration","","","Generated IBAN is exactly 22 characters long",""
"passed","Sun Oct 04 07:06:58 UTC 2026","Sun Oct 04 07:06:58 UTC 2026","1","tests","test_phone","TestPhoneGeneration","","","Local format phone starts with 0 instead of +359",""
"passed","Sun Oct 04 07:06:58 UTC 2026","Sun Oct 04 07:06:58 UTC 2026","0","tests","test_address","TestOblastCodes","","","Unknown oblast code raises ValueError",""
"passed","Sun Oct 04 07:06:58 UTC 2026","Sun Oct 04 07:06:58 UTC 2026","1","tests","test_egn","TestEgnGeneration","","","2000s birth dates encode month as 41-52",""
"passed","Sun Oct 04 07:06:58 UTC 2026","Sun Oct 04 07:06:58 UTC 2026","1","tests","test_providers","TestBgTestDataFacade","","","companies() returns the requested number of records",""
"passed","Sun Oct 04 07:06:58 UTC 2026","Sun Oct 04 07:06:58 UTC 2026","1","tests","test_random","TestSeededRandom","","","randint returns values within the specified range",""
"passed","Sun Oct 04 07:06:58 UTC 2026","Sun Oct 04 07:06:58 UTC 2026","2","tests","test_person","TestPersonGeneration","","","Person age is within the requested range",""
"passed","Sun Oct 04 07:06:58 UTC 2026","Sun Oct 04 07:06:58 UTC 2026","2","tests","test_egn","TestEgnGeneration","","","Female EGN has odd 9th digit",""
"passed","Sun Oct 04 07:06:58 UTC 2026","Sun Oct 04 07:06:58 UTC 2026","0","tests","test_iban","TestIbanGeneration","","","format_iban splits IBAN into groups of 4 separated by spaces",""
"passed","Sun Oct 04 07:06:58 UTC 2026","Sun Oct 04 07:06:58 UTC 2026","1","tests","test_egn","TestEgnGeneration","","","Same seed produces identical EGN sequence",""
"passed","Sun Oct 04 07:06:58 UTC 2026","Sun Oct 04 07:06:58 UTC 2026","0","tests","test_address","TestOblastCodes","","","Specifying oblast_code returns address in that oblast",""
"passed","Sun Oct 04 07:06:58 UTC 2026","Sun Oct 04 07:06:58 UTC 2026","1","tests","test_providers","TestBgTestDataFacade","","","Static validate_iban works correctly",""
"passed","Sun Oct 04 07:06:58 UTC 2026","Sun Oct 04 07:06:58 UTC 2026","0","tests","test_eik","TestEikGeneration","","","Invalid EIK strings fail validation",""
"passed","Sun Oct 04 07:06:58 UTC 2026","Sun Oct 04 07:06:58 UTC 2026","0","tests","test_providers","TestBgTestDataFacade","","","Static validate_egn works correctly",""
"passed","Sun Oct 04 07:06:58 UTC 2026","Sun Oct 04 07:06:58 UTC 2026","0","tests","test_address","TestAddressGeneration","","","Specifying oblast returns address in that oblast",""
"passed","Sun Oct 04 07:06:58 UTC 2026","Sun Oct 04 07:06:58 UTC 2026","0","tests","test_egn","TestEgnValidation","","","EGN with wrong length fails validation",""
"passed","Sun Oct 04 07:06:58 UTC 2026","Sun Oct 04 07:06:58 UTC 2026","0","tests","test_iban","TestIbanGeneration","","","Invalid IBAN strings fail validation",""
"passed","Sun Oct 04 07:06:58 UTC 2026","Sun Oct 04 07:06:58 UTC 2026","0","tests","test_iban","TestIbanGeneration","","","IBAN generated with a specific bank code contains that code",""
"passed","Sun Oct 04 07:06:58 UTC 2026","Sun Oct 04 07:06:58 UTC 2026","2","tests","test_person","TestPersonGeneration","","","Person age is within the requested range",""
"passed","Sun Oct 04 07:06:58 UTC 2026","Sun Oct 04 07:06:58 UTC 2026","1","tests","test_address","TestOblastCodes","","","Specifying oblast_code returns address in that oblast",""
"passed","Sun Oct 04 07:06:58 UTC 2026","Sun Oct 04 07:06:58 UTC 2026","8","tests","test_iban","TestIbanGeneration","","","100 generated IBANs all pass mod-97 validation",""
"passed","Sun Oct 04 07:06:58 UTC 2026","Sun Oct 04 07:06:58 UTC 2026","4","tests","test_cli","TestCli","","","CLI --format csv with --count for string type",""
"passed","Sun Oct 04 07:06:58 UTC 2026","Sun Oct 04 07:06:58 UTC 2026","1","tests","test_egn","TestEgnGeneration","","","EGN with specific birth date round-trips through parse_egn",""
"passed","Sun Oct 04 07:06:58 UTC 2026","Sun Oct 04 07:06:58 UTC 2026","0","tests","test_address","TestAddressGeneration","","","Unknown oblast raises ValueError",""
"passed","Sun Oct 04 07:06:58 UTC 2026","Sun Oct 04 07:06:58 UTC 2026","0","tests","test_address","TestOblastCodes","","","Specifying oblast_code returns address in that oblast",""
"passed","Sun Oct 04 07:06:58 UTC 2026","Sun Oct 04 07:06:58 UTC 2026","1","tests","test_address","TestAddressGeneration","","","Postal code is exactly 4 digits",""
"passed","Sun Oct 04 07:06:58 UTC 2026","Sun Oct 04 07:06:58 UTC 2026","0","tests","test_company","TestCompanyGeneration","","","Generated company contains all required fields",""
"passed","Sun Oct 04 07:06:58 UTC 2026","Sun Oct 04 07:06:58 UTC 2026","1","tests","test_egn","TestEgnGeneration","","","1900s birth dates encode month as 1-12",""
"passed","Sun Oct 04 07:06:58 UTC 2026","Sun Oct 04 07:06:58 UTC 2026","5","tests","test_eik","TestEikGeneration","","","100 generated 9-digit EIKs all pass validation",""
"passed","Sun Oct 04 07:06:58 UTC 2026","Sun Oct 04 07:06:58 UTC 2026","1","tests","test_egn","TestEgnGeneration","","","1900s birth dates encode month as 1-12",""
"passed","Sun Oct 04 07:06:58 UTC 2026","Sun Oct 04 07:06:58 UTC 2026","1","tests","test_random","TestSeededRandom","","","Same seed produces identical output sequence",""
"passed","Sun Oct 04 07:06:58 UTC 2026","Sun Oct 04 07:06:58 UTC 2026","0","tests","test_egn","TestEgnGeneration","","","2000s birth dates encode month as 41-52",""
"passed","Sun Oct 04 07:06:58 UTC 2026","Sun Oct 04 07:06:58 UTC 2026","0","tests","test_company","TestCompanyGeneration","","","Company EIK length matches eik_length parameter",""
